doc_id,dept,dept_name,source_type,title,source_url,source_board,crawled_at,chunk_count
doc_e78ab6fc919e,ai_systems,AI시스템학과,admission,(KAIST학사재학생) 학-석박통합연계과정 (KAIST Undergrad. Students) Integrated UG-MS-PhD Track,https://ai-systems.kaist.ac.kr/admission-grad,,2026-05-26T13:26:36.697547+00:00,1.0
doc_420fb5a99985,ai_systems,AI시스템학과,admission,1차 합격자 발표 1st Round Results,https://ai-systems.kaist.ac.kr/admission-grad,,2026-05-26T13:26:36.697547+00:00,1.0
doc_05642690d104,ai_systems,AI시스템학과,admission,2차 면접 (면접) 2nd Round (Interview),https://ai-systems.kaist.ac.kr/admission-grad,,2026-05-26T13:26:36.697547+00:00,1.0
doc_08e76f55f487,ai_systems,AI시스템학과,admission,AI시스템학과 소개서 다운로드 Download AI Systems Brochure,https://ai-systems.kaist.ac.kr/admission-grad,,2026-05-26T13:26:36.697547+00:00,1.0
doc_e2f7e983481b,ai_systems,AI시스템학과,admission,KAIST 장학생,https://ai-systems.kaist.ac.kr/admission-grad,,2026-05-26T13:26:36.697547+00:00,1.0
doc_57875e00ce7e,ai_systems,AI시스템학과,admission,KAIST프로그램 장학생은 KAIST프로그램 참여 교수만을 지도교수로 신청할 수 있습니다.,https://ai-systems.kaist.ac.kr/admission-grad,,2026-05-26T13:26:36.697547+00:00,1.0
doc_5936924dae51,ai_systems,AI시스템학과,admission,교수의 연구비에서 지원받는 KAIST 장학생으로 입학한 학생은 연구비 지원 교수만이 지도교수가 될 수 있습니다.,https://ai-systems.kaist.ac.kr/admission-grad,,2026-05-26T13:26:36.697547+00:00,1.0
doc_d8b117e6d04e,ai_systems,AI시스템학과,admission,국비 장학생,https://ai-systems.kaist.ac.kr/admission-grad,,2026-05-26T13:26:36.697547+00:00,1.0
doc_dd4061fcf4e1,ai_systems,AI시스템학과,admission,국비로 입학한 학생은 AI시스템학과 모든 교수를 지도교수로 신청할 수 있습니다. 신청한 지도교수가 국비TO가 있고 학생지도를 희망할 경우 매칭이 됩니다.,https://ai-systems.kaist.ac.kr/admission-grad,,2026-05-26T13:26:36.697547+00:00,1.0
doc_364374cfcec8,ai_systems,AI시스템학과,admission,석박사 통합과정 Integrated MS-PhD,https://ai-systems.kaist.ac.kr/admission-grad,,2026-05-26T13:26:36.697547+00:00,1.0
doc_f0533e76f754,ai_systems,AI시스템학과,admission,석사과정 Master's,https://ai-systems.kaist.ac.kr/admission-grad,,2026-05-26T13:26:36.697547+00:00,1.0
doc_0da63dd8545f,ai_systems,AI시스템학과,admission,원서접수(서류제출 포함) (석박사/석박사통합 대상) Application (All programs),https://ai-systems.kaist.ac.kr/admission-grad,,2026-05-26T13:26:36.697547+00:00,1.0
doc_422f446a6b7a,ai_systems,AI시스템학과,admission,일반 장학생,https://ai-systems.kaist.ac.kr/admission-grad,,2026-05-26T13:26:36.697547+00:00,1.0
doc_407f87ee1c95,ai_systems,AI시스템학과,admission,재학생 석박사통합과정 KAIST MS Student Integrated MS-PhD Track,https://ai-systems.kaist.ac.kr/admission-grad,,2026-05-26T13:26:36.697547+00:00,1.0
doc_28e8a340620a,ai_systems,AI시스템학과,admission,학-석박통합연계과정,https://ai-systems.kaist.ac.kr/admission-grad,,2026-05-26T13:26:36.697547+00:00,1.0
doc_492e9e98e811,ai_systems,AI시스템학과,admission,1차 서류심사결과 발표 1st Round Results (Document Review),https://ai-systems.kaist.ac.kr/news,,2026-05-26T13:27:21.084886+00:00,1.0
doc_8cf27ef8e0e9,ai_systems,AI시스템학과,admission,2차 면접 2nd Round (Interview),https://ai-systems.kaist.ac.kr/news,,2026-05-26T13:27:21.084886+00:00,1.0
doc_f2ba90aa3b59,ai_systems,AI시스템학과,admission,지원기간 Application Period,https://ai-systems.kaist.ac.kr/news,,2026-05-26T13:27:21.084886+00:00,1.0
doc_87b2ad34e2f6,ai_systems,AI시스템학과,asset,042-350-XXXX,https://ai-systems.kaist.ac.kr/,,2026-05-26T13:26:12.858070+00:00,1.0
doc_03805a9a27e3,ai_systems,AI시스템학과,asset,ai_office@kaist.ac.kr,https://ai-systems.kaist.ac.kr/,,2026-05-26T13:26:12.858070+00:00,1.0
doc_97204880a933,ai_systems,AI시스템학과,asset,입학처 홈페이지 바로가기 Go to Admissions Website,https://ai-systems.kaist.ac.kr/admission-grad,,2026-05-26T13:26:36.697547+00:00,1.0
doc_a300d85adc03,ai_systems,AI시스템학과,asset,입학처 홈 Admissions Home KAIST 입학처 메인 홈페이지를 방문하세요. Visit the main KAIST Admissions homepage. → Learn more →,https://ai-systems.kaist.ac.kr/admission-ug,,2026-05-26T13:26:32.463430+00:00,1.0
doc_6a133d87a301,ai_systems,AI시스템학과,attachment_pdf,AI_Systems_Grad_Info_20260319.pdf,https://ai-systems.kaist.ac.kr/attachments/AI_Systems_Grad_Info_20260319.pdf,admission_ug,2026-05-26T13:26:32.463430+00:00,5.0
doc_657a7fe7ccd6,ai_systems,AI시스템학과,contact,Department contact,https://ai-systems.kaist.ac.kr/,home,2026-05-26T13:26:12.858070+00:00,1.0
doc_7e0b183e412a,ai_systems,AI시스템학과,event,"2026학년도 가을학기 입시설명회 2026 Fall Semester Admission Info Session Department of AI Systems 일시 Date 2026. 03. 19. (목) 18:00 Mar. 19 (Thu), 2026 · 18:00 장소 Venue 정보전자공학동 1220호 Rm. 1220, Info & Electronics Bldg. Zoom 859 6781 5348",https://ai-systems.kaist.ac.kr/news,,2026-05-26T13:27:21.084886+00:00,1.0
doc_aa4b04c4cb50,ai_systems,AI시스템학과,page_section,"인공지능 시스템의 미래를 설계하는 혁신의 중심, KAIST AI시스템학과 Designing the Future of AI Systems The Center of Innovation, KAIST Dept. of AI Systems",https://ai-systems.kaist.ac.kr/,home,2026-05-26T13:26:12.858070+00:00,1.0
doc_e1aab8b4a305,ai_systems,AI시스템학과,page_section,박사 과정 Ph.D Program Ph.D,https://ai-systems.kaist.ac.kr/edu-grad,edu_grad,2026-05-26T13:26:44.056584+00:00,1.0
doc_d2c253581dcc,ai_systems,AI시스템학과,page_section,석사 과정 Master's Program Master,https://ai-systems.kaist.ac.kr/edu-grad,edu_grad,2026-05-26T13:26:44.056584+00:00,1.0
doc_0f2eca56a1fa,ai_systems,AI시스템학과,page_section,졸업 이수 요건 Graduation Requirements,https://ai-systems.kaist.ac.kr/edu-undergrad,edu_undergrad,2026-05-26T13:26:40.379362+00:00,1.0
doc_4594e4375e0a,ai_systems,AI시스템학과,page_section,학과소개 Introduction,https://ai-systems.kaist.ac.kr/intro,intro,2026-05-26T13:26:16.614592+00:00,1.0
doc_02bf133e5b0e,ai_systems,AI시스템학과,page_section,AI 반도체 및 아키텍처 AI Semiconductors & Architecture,https://ai-systems.kaist.ac.kr/research,research,2026-05-26T13:26:20.372263+00:00,1.0
doc_91133a853ff2,ai_systems,AI시스템학과,page_section,AI 시스템 보안 AI System Security,https://ai-systems.kaist.ac.kr/research,research,2026-05-26T13:26:20.372263+00:00,1.0
doc_b9ffff443cbc,ai_systems,AI시스템학과,page_section,물리 AI 시스템 설계 Physical AI System Design,https://ai-systems.kaist.ac.kr/research,research,2026-05-26T13:26:20.372263+00:00,1.0
doc_bb97844e4fed,ai_systems,AI시스템학과,page_section,온-디바이스 AI 시스템 On-Device AI Systems,https://ai-systems.kaist.ac.kr/research,research,2026-05-26T13:26:20.372263+00:00,1.0
doc_0828f39abea9,ai_systems,AI시스템학과,person,강익성,https://ai-systems.kaist.ac.kr/faculty-adjunct,,2026-05-26T13:26:28.610341+00:00,1.0
doc_5cd37c87d5a9,ai_systems,AI시스템학과,person,강준혁,https://ai-systems.kaist.ac.kr/faculty-adjunct,,2026-05-26T13:26:28.610341+00:00,1.0
doc_9ee35556416a,ai_systems,AI시스템학과,person,권경하,https://ai-systems.kaist.ac.kr/faculty-adjunct,,2026-05-26T13:26:28.610341+00:00,1.0
doc_b308e6d45bcf,ai_systems,AI시스템학과,person,김동준,https://ai-systems.kaist.ac.kr/faculty-adjunct,,2026-05-26T13:26:28.610341+00:00,1.0
doc_b5c49ec89661,ai_systems,AI시스템학과,person,김봉진,https://ai-systems.kaist.ac.kr/faculty-adjunct,,2026-05-26T13:26:28.610341+00:00,1.0
doc_1b564af556b2,ai_systems,AI시스템학과,person,김상식,https://ai-systems.kaist.ac.kr/faculty-adjunct,,2026-05-26T13:26:28.610341+00:00,1.0
doc_939efbbfc364,ai_systems,AI시스템학과,person,김성민,https://ai-systems.kaist.ac.kr/faculty-adjunct,,2026-05-26T13:26:28.610341+00:00,1.0
doc_9c791fd3a99d,ai_systems,AI시스템학과,person,김용대,https://ai-systems.kaist.ac.kr/faculty-adjunct,,2026-05-26T13:26:28.610341+00:00,1.0
doc_821bcb97ae26,ai_systems,AI시스템학과,person,김용훈,https://ai-systems.kaist.ac.kr/faculty-adjunct,,2026-05-26T13:26:28.610341+00:00,1.0
doc_9ba6326a9b48,ai_systems,AI시스템학과,person,김주영,https://ai-systems.kaist.ac.kr/faculty-adjunct,,2026-05-26T13:26:28.610341+00:00,1.0
doc_feaa84340feb,ai_systems,AI시스템학과,person,김창익,https://ai-systems.kaist.ac.kr/faculty-adjunct,,2026-05-26T13:26:28.610341+00:00,1.0
doc_a5c766bd4c1c,ai_systems,AI시스템학과,person,김훈,https://ai-systems.kaist.ac.kr/faculty-adjunct,,2026-05-26T13:26:28.610341+00:00,1.0
doc_cfd8b0af6f65,ai_systems,AI시스템학과,person,노용만,https://ai-systems.kaist.ac.kr/faculty-adjunct,,2026-05-26T13:26:28.610341+00:00,1.0
doc_3fbb818b4fed,ai_systems,AI시스템학과,person,명현,https://ai-systems.kaist.ac.kr/faculty-adjunct,,2026-05-26T13:26:28.610341+00:00,1.0
doc_019a9b3b3017,ai_systems,AI시스템학과,person,배준우,https://ai-systems.kaist.ac.kr/faculty-adjunct,,2026-05-26T13:26:28.610341+00:00,1.0
doc_ccc31e165040,ai_systems,AI시스템학과,person,배현민,https://ai-systems.kaist.ac.kr/faculty-adjunct,,2026-05-26T13:26:28.610341+00:00,1.0
doc_4baa8b5535db,ai_systems,AI시스템학과,person,백재일,https://ai-systems.kaist.ac.kr/faculty-adjunct,,2026-05-26T13:26:28.610341+00:00,1.0
doc_e135a3df66c3,ai_systems,AI시스템학과,person,서창호,https://ai-systems.kaist.ac.kr/faculty-adjunct,,2026-05-26T13:26:28.610341+00:00,1.0
doc_50c21a6ee780,ai_systems,AI시스템학과,person,송영민,https://ai-systems.kaist.ac.kr/faculty-adjunct,,2026-05-26T13:26:28.610341+00:00,1.0
doc_a34f553b74ce,ai_systems,AI시스템학과,person,신영수,https://ai-systems.kaist.ac.kr/faculty-adjunct,,2026-05-26T13:26:28.610341+00:00,1.0
doc_8f935ce27d32,ai_systems,AI시스템학과,person,심현철,https://ai-systems.kaist.ac.kr/faculty-adjunct,,2026-05-26T13:26:28.610341+00:00,1.0
doc_00a13815fda0,ai_systems,AI시스템학과,person,안희진,https://ai-systems.kaist.ac.kr/faculty-adjunct,,2026-05-26T13:26:28.610341+00:00,1.0
doc_eb2a0586e2e0,ai_systems,AI시스템학과,person,연구실,https://ai-systems.kaist.ac.kr/faculty-adjunct,,2026-05-26T13:26:28.610341+00:00,1.0
doc_549cc8bd60e4,ai_systems,AI시스템학과,person,원유집,https://ai-systems.kaist.ac.kr/faculty-adjunct,,2026-05-26T13:26:28.610341+00:00,1.0
doc_960b3c1b3259,ai_systems,AI시스템학과,person,유민수,https://ai-systems.kaist.ac.kr/faculty-adjunct,,2026-05-26T13:26:28.610341+00:00,1.0
doc_55512d007ddf,ai_systems,AI시스템학과,person,유승협,https://ai-systems.kaist.ac.kr/faculty-adjunct,,2026-05-26T13:26:28.610341+00:00,1.0
doc_3f74cb32ab96,ai_systems,AI시스템학과,person,유창동,https://ai-systems.kaist.ac.kr/faculty-adjunct,,2026-05-26T13:26:28.610341+00:00,1.0
doc_39f86ad4f27e,ai_systems,AI시스템학과,person,이성주,https://ai-systems.kaist.ac.kr/faculty-adjunct,,2026-05-26T13:26:28.610341+00:00,1.0
doc_00186a60ac05,ai_systems,AI시스템학과,person,이정용,https://ai-systems.kaist.ac.kr/faculty-adjunct,,2026-05-26T13:26:28.610341+00:00,1.0
doc_c4cfe75e506a,ai_systems,AI시스템학과,person,장동의,https://ai-systems.kaist.ac.kr/faculty-adjunct,,2026-05-26T13:26:28.610341+00:00,1.0
doc_b0a92d5e4589,ai_systems,AI시스템학과,person,정명수,https://ai-systems.kaist.ac.kr/faculty-adjunct,,2026-05-26T13:26:28.610341+00:00,1.0
doc_481931b68df1,ai_systems,AI시스템학과,person,정혜원,https://ai-systems.kaist.ac.kr/faculty-adjunct,,2026-05-26T13:26:28.610341+00:00,1.0
doc_cf92f7a4a843,ai_systems,AI시스템학과,person,조성환,https://ai-systems.kaist.ac.kr/faculty-adjunct,,2026-05-26T13:26:28.610341+00:00,1.0
doc_4a976a606fb7,ai_systems,AI시스템학과,person,최성율,https://ai-systems.kaist.ac.kr/faculty-adjunct,,2026-05-26T13:26:28.610341+00:00,1.0
doc_854601c6dc3d,ai_systems,AI시스템학과,person,최신현,https://ai-systems.kaist.ac.kr/faculty-adjunct,,2026-05-26T13:26:28.610341+00:00,1.0
doc_ae75b336862b,ai_systems,AI시스템학과,person,최준일,https://ai-systems.kaist.ac.kr/faculty-adjunct,,2026-05-26T13:26:28.610341+00:00,1.0
doc_b111ed6774bd,ai_systems,AI시스템학과,person,최진석,https://ai-systems.kaist.ac.kr/faculty-adjunct,,2026-05-26T13:26:28.610341+00:00,1.0
doc_6f9d50d52a84,ai_systems,AI시스템학과,person,하정석,https://ai-systems.kaist.ac.kr/faculty-adjunct,,2026-05-26T13:26:28.610341+00:00,1.0
doc_807045af83ba,ai_systems,AI시스템학과,person,한인수,https://ai-systems.kaist.ac.kr/faculty-adjunct,,2026-05-26T13:26:28.610341+00:00,1.0
doc_062fd91e099d,ai_systems,AI시스템학과,person,권지민,https://ai-systems.kaist.ac.kr/faculty-fulltime,,2026-05-26T13:26:24.188231+00:00,1.0
doc_4c4ffabbbfa3,ai_systems,AI시스템학과,person,문재균,https://ai-systems.kaist.ac.kr/faculty-fulltime,,2026-05-26T13:26:24.188231+00:00,1.0
doc_fd84d5b3e581,ai_systems,AI시스템학과,person,이슬기,https://ai-systems.kaist.ac.kr/faculty-fulltime,,2026-05-26T13:26:24.188231+00:00,1.0
doc_b067196ca607,ai_systems,AI시스템학과,person,이영주,https://ai-systems.kaist.ac.kr/faculty-fulltime,,2026-05-26T13:26:24.188231+00:00,1.0
doc_74a7526af22d,ai_systems,AI시스템학과,person,정완영,https://ai-systems.kaist.ac.kr/faculty-fulltime,,2026-05-26T13:26:24.188231+00:00,1.0
doc_1c1e10b5a522,ai_systems,AI시스템학과,person,제민규,https://ai-systems.kaist.ac.kr/faculty-fulltime,,2026-05-26T13:26:24.188231+00:00,1.0
doc_49886c4ff0be,ai_systems,AI시스템학과,person,최정우,https://ai-systems.kaist.ac.kr/faculty-fulltime,,2026-05-26T13:26:24.188231+00:00,1.0
doc_975b5da7beda,aic,AI컴퓨팅학과,admission,(KAIST석사재학생) 석박사 통합과정,https://aic.kaist.ac.kr/#/admission-grad,,2026-05-26T13:24:49.378406+00:00,2.0
doc_902f43c372e0,aic,AI컴퓨팅학과,admission,1단계 합격자 발표,https://aic.kaist.ac.kr/#/admission-grad,,2026-05-26T13:24:49.378406+00:00,1.0
doc_f476a92787de,aic,AI컴퓨팅학과,admission,2단계 전형(면접),https://aic.kaist.ac.kr/#/admission-grad,,2026-05-26T13:24:49.378406+00:00,1.0
doc_3613bb6b2d01,aic,AI컴퓨팅학과,admission,KAIST 장학생,https://aic.kaist.ac.kr/#/admission-grad,,2026-05-26T13:24:49.378406+00:00,1.0
doc_4de18c6d2187,aic,AI컴퓨팅학과,admission,국비 장학생,https://aic.kaist.ac.kr/#/admission-grad,,2026-05-26T13:24:49.378406+00:00,1.0
doc_6c2127092f0b,aic,AI컴퓨팅학과,admission,박사과정,https://aic.kaist.ac.kr/#/admission-grad,,2026-05-26T13:24:49.378406+00:00,3.0
doc_83296b60eac4,aic,AI컴퓨팅학과,admission,석박사 통합과정,https://aic.kaist.ac.kr/#/admission-grad,,2026-05-26T13:24:49.378406+00:00,2.0
doc_aaa1a30d09d8,aic,AI컴퓨팅학과,admission,석사과정,https://aic.kaist.ac.kr/#/admission-grad,,2026-05-26T13:24:49.378406+00:00,3.0
doc_7e88ccfd2af2,aic,AI컴퓨팅학과,admission,원서접수(서류제출 포함),https://aic.kaist.ac.kr/#/admission-grad,,2026-05-26T13:24:49.378406+00:00,1.0
doc_cfa05a3d3541,aic,AI컴퓨팅학과,admission,일반 장학생,https://aic.kaist.ac.kr/#/admission-grad,,2026-05-26T13:24:49.378406+00:00,1.0
doc_45f297d0a3e5,aic,AI컴퓨팅학과,admission,재학생 석박사통합과정,https://aic.kaist.ac.kr/#/admission-grad,,2026-05-26T13:24:49.378406+00:00,2.0
doc_47f8d5392963,aic,AI컴퓨팅학과,admission,지도 교수 신청 관련 사항,https://aic.kaist.ac.kr/#/admission-grad,,2026-05-26T13:24:49.378406+00:00,1.0
doc_ad5c03d632ab,aic,AI컴퓨팅학과,admission,학·석박통합연계과정,https://aic.kaist.ac.kr/#/admission-grad,,2026-05-26T13:24:49.378406+00:00,1.0
doc_21a503ebb0f0,aic,AI컴퓨팅학과,asset,042-350-2114,https://aic.kaist.ac.kr/,,2026-05-26T13:24:27.752357+00:00,1.0
doc_d6583c84601d,aic,AI컴퓨팅학과,asset,학부 (한국인) 한국인 학부 신입생 모집 안내입니다.,https://aic.kaist.ac.kr/#/admission-ug,,2026-05-26T13:24:44.960971+00:00,1.0
doc_c4ce8557d65d,aic,AI컴퓨팅학과,asset,swimpool@kaist.ac.kr,https://aic.kaist.ac.kr/#/notice,,2026-05-26T13:25:36.079032+00:00,1.0
doc_c76d05db33f0,aic,AI컴퓨팅학과,asset,기념품 예시 - 키캡,https://aic.kaist.ac.kr/#/notice,,2026-05-26T13:25:36.079032+00:00,1.0
doc_0e4387cc274f,aic,AI컴퓨팅학과,asset,다과 예시 - 샌드위치,https://aic.kaist.ac.kr/#/notice,,2026-05-26T13:25:36.079032+00:00,1.0
doc_4f1dfcf4c7d4,aic,AI컴퓨팅학과,attachment_pdf,AI_Computing_Grad_Info_Session_20260320.pdf,https://aic.kaist.ac.kr/files/AI_Computing_Grad_Info_Session_20260320.pdf,admission_grad,2026-05-26T13:24:49.378406+00:00,7.0
doc_ec044a6941ff,aic,AI컴퓨팅학과,attachment_pdf,AI_Computing_Introduction_20260526.pdf,https://aic.kaist.ac.kr/files/AI_Computing_Introduction_20260526.pdf,admission_ug,2026-05-26T13:24:44.960971+00:00,10.0
doc_1af32fa5583a,aic,AI컴퓨팅학과,contact,Department contact,https://aic.kaist.ac.kr/#/notice,site_page,2026-05-26T13:25:36.079032+00:00,1.0
doc_9ae2a5f5bfba,aic,AI컴퓨팅학과,course,3차원 데이터를 위한 기계학습,https://aic.kaist.ac.kr/#/education-courses,,2026-05-26T13:24:53.541543+00:00,1.0
doc_bad692105197,aic,AI컴퓨팅학과,course,강화학습 개론,https://aic.kaist.ac.kr/#/education-courses,,2026-05-26T13:24:53.541543+00:00,1.0
doc_eed980f900bb,aic,AI컴퓨팅학과,course,그래프 기계학습 및 마이닝,https://aic.kaist.ac.kr/#/education-courses,,2026-05-26T13:24:53.541543+00:00,1.0
doc_40c0c1995160,aic,AI컴퓨팅학과,course,기계학습,https://aic.kaist.ac.kr/#/education-courses,,2026-05-26T13:24:53.541543+00:00,1.0
doc_92c4eae14507,aic,AI컴퓨팅학과,course,사물인터넷 데이터 사이언스,https://aic.kaist.ac.kr/#/education-courses,,2026-05-26T13:24:53.541543+00:00,1.0
doc_7994ee8abf29,aic,AI컴퓨팅학과,course,시스템프로그래밍,https://aic.kaist.ac.kr/#/education-courses,,2026-05-26T13:24:53.541543+00:00,1.0
doc_7562a0279513,aic,AI컴퓨팅학과,course,운영체제 및 실험,https://aic.kaist.ac.kr/#/education-courses,,2026-05-26T13:24:53.541543+00:00,1.0
doc_9a49ee83aecb,aic,AI컴퓨팅학과,course,웨어러블 사용자 인터페이스,https://aic.kaist.ac.kr/#/education-courses,,2026-05-26T13:24:53.541543+00:00,1.0
doc_27bef6e49e8b,aic,AI컴퓨팅학과,course,인간-컴퓨터 상호작용 개론,https://aic.kaist.ac.kr/#/education-courses,,2026-05-26T13:24:53.541543+00:00,1.0
doc_3c7043078741,aic,AI컴퓨팅학과,course,인간과 컴퓨터 상호작용,https://aic.kaist.ac.kr/#/education-courses,,2026-05-26T13:24:53.541543+00:00,1.0
doc_ee54bd1ef3b4,aic,AI컴퓨팅학과,course,인공지능 개론,https://aic.kaist.ac.kr/#/education-courses,,2026-05-26T13:24:53.541543+00:00,1.0
doc_9b4c581d353b,aic,AI컴퓨팅학과,course,인공지능 기초,https://aic.kaist.ac.kr/#/education-courses,,2026-05-26T13:24:53.541543+00:00,1.0
doc_51af7278a34d,aic,AI컴퓨팅학과,course,인공지능 및 기계학습,https://aic.kaist.ac.kr/#/education-courses,,2026-05-26T13:24:53.541543+00:00,1.0
doc_0868bf25a5bc,aic,AI컴퓨팅학과,course,인공지능 윤리,https://aic.kaist.ac.kr/#/education-courses,,2026-05-26T13:24:53.541543+00:00,1.0
doc_e03f1f584ba9,aic,AI컴퓨팅학과,course,전산기조직,https://aic.kaist.ac.kr/#/education-courses,,2026-05-26T13:24:53.541543+00:00,1.0
doc_421261ddaac3,aic,AI컴퓨팅학과,course,컴퓨팅 특강 <리소스 효율적 AI 연구>,https://aic.kaist.ac.kr/#/education-courses,,2026-05-26T13:24:53.541543+00:00,1.0
doc_3d9db9ca36b3,aic,AI컴퓨팅학과,event,2026 AI컴퓨팅학과 학과설명회,https://aic.kaist.ac.kr/#/notice,,2026-05-26T13:25:36.079032+00:00,1.0
doc_e8b6c648b3c2,aic,AI컴퓨팅학과,page_section,AI-NATIVE 인재상 — 핵심 역량,https://aic.kaist.ac.kr/,home,2026-05-26T13:24:27.752357+00:00,1.0
doc_053d1d09a3d6,aic,AI컴퓨팅학과,page_section,AI-Native 핵심 인재 양성을 위한 교육 체계,https://aic.kaist.ac.kr/,home,2026-05-26T13:24:27.752357+00:00,1.0
doc_d37d4f772e6f,aic,AI컴퓨팅학과,page_section,인간 중심 AI 컴퓨팅,https://aic.kaist.ac.kr/,home,2026-05-26T13:24:27.752357+00:00,1.0
doc_0d65d409863b,aic,AI컴퓨팅학과,page_section,AI 시스템 및 운영 기술 역량 구축,https://aic.kaist.ac.kr/#/dept-intro,dept_intro,2026-05-26T13:24:32.565544+00:00,1.0
doc_c4405a1f2044,aic,AI컴퓨팅학과,page_section,AI 이론 및 알고리즘 중심 교육,https://aic.kaist.ac.kr/#/dept-intro,dept_intro,2026-05-26T13:24:32.565544+00:00,1.0
doc_e5cda014cd8e,aic,AI컴퓨팅학과,page_section,AI-Native 컴퓨팅 기초 역량 교육,https://aic.kaist.ac.kr/#/dept-intro,dept_intro,2026-05-26T13:24:32.565544+00:00,1.0
doc_2d8fc5c6b833,aic,AI컴퓨팅학과,page_section,Core를 아는 사람이 Application도 잘 만든다,https://aic.kaist.ac.kr/#/dept-intro,dept_intro,2026-05-26T13:24:32.565544+00:00,1.0
doc_a524d69c7357,aic,AI컴퓨팅학과,page_section,수학적·원리 기반 설계 역량 강화,https://aic.kaist.ac.kr/#/dept-intro,dept_intro,2026-05-26T13:24:32.565544+00:00,1.0
doc_626e89658027,aic,AI컴퓨팅학과,page_section,응용 및 도메인 적용 역량 확보,https://aic.kaist.ac.kr/#/dept-intro,dept_intro,2026-05-26T13:24:32.565544+00:00,1.0
doc_5126b9a1179a,aic,AI컴퓨팅학과,page_section,인간 중심·책임 기반 AI 설계 교육,https://aic.kaist.ac.kr/#/dept-intro,dept_intro,2026-05-26T13:24:32.565544+00:00,1.0
doc_4ecd498377b0,aic,AI컴퓨팅학과,page_section,차세대 AI 기술 반영,https://aic.kaist.ac.kr/#/dept-intro,dept_intro,2026-05-26T13:24:32.565544+00:00,1.0
doc_c0049f1c1346,aic,AI컴퓨팅학과,page_section,대학원 과정 (Graduate),https://aic.kaist.ac.kr/#/education-courses,education_courses,2026-05-26T13:24:53.541543+00:00,1.0
doc_28a472b8876c,aic,AI컴퓨팅학과,page_section,학부 과정 (Undergraduate),https://aic.kaist.ac.kr/#/education-courses,education_courses,2026-05-26T13:24:53.541543+00:00,1.0
doc_3ae15dc00452,aic,AI컴퓨팅학과,page_section,기초선택 이수요건,https://aic.kaist.ac.kr/#/education-reqs,education_reqs,2026-05-26T13:24:57.585681+00:00,1.0
doc_ebab7f37918e,aic,AI컴퓨팅학과,page_section,연구 및 경과조치,https://aic.kaist.ac.kr/#/education-reqs,education_reqs,2026-05-26T13:24:57.585681+00:00,1.0
doc_0cb9c963ba90,aic,AI컴퓨팅학과,page_section,이수 요건,https://aic.kaist.ac.kr/#/education-reqs,education_reqs,2026-05-26T13:24:57.585681+00:00,1.0
doc_50990c1d62cc,aic,AI컴퓨팅학과,page_section,전공 (44학점 이상),https://aic.kaist.ac.kr/#/education-reqs,education_reqs,2026-05-26T13:24:57.585681+00:00,1.0
doc_9ca057e1eb57,aic,AI컴퓨팅학과,page_section,졸업이수학점 총 138학점 이상,https://aic.kaist.ac.kr/#/education-reqs,education_reqs,2026-05-26T13:24:57.585681+00:00,1.0
doc_ad37d7b1f421,aic,AI컴퓨팅학과,page_section,"“AI를 사용하는 시대를 넘어, AI를 창조하고 시스템을 설계하는 AI-Native 리더를 육성합니다.”",https://aic.kaist.ac.kr/#/welcome-message,welcome_message,2026-05-26T13:24:36.765228+00:00,1.0
doc_73175d8b56c3,aic,AI컴퓨팅학과,person,고인영,https://aic.kaist.ac.kr/#/people,,2026-05-26T13:24:41.029666+00:00,1.0
doc_1743bec42472,aic,AI컴퓨팅학과,person,권영진,https://aic.kaist.ac.kr/#/people,,2026-05-26T13:24:41.029666+00:00,1.0
doc_4d6b59e6845f,aic,AI컴퓨팅학과,person,김대영,https://aic.kaist.ac.kr/#/people,,2026-05-26T13:24:41.029666+00:00,1.0
doc_0c1ecab1d14d,aic,AI컴퓨팅학과,person,김민수,https://aic.kaist.ac.kr/#/people,,2026-05-26T13:24:41.029666+00:00,1.0
doc_768c88e3f92b,aic,AI컴퓨팅학과,person,김민혁,https://aic.kaist.ac.kr/#/people,,2026-05-26T13:24:41.029666+00:00,1.0
doc_a557ce60cfed,aic,AI컴퓨팅학과,person,김주호,https://aic.kaist.ac.kr/#/people,,2026-05-26T13:24:41.029666+00:00,1.0
doc_cceecf9b0602,aic,AI컴퓨팅학과,person,김태균,https://aic.kaist.ac.kr/#/people,,2026-05-26T13:24:41.029666+00:00,1.0
doc_bab675cf1191,aic,AI컴퓨팅학과,person,김현우,https://aic.kaist.ac.kr/#/people,,2026-05-26T13:24:41.029666+00:00,1.0
doc_28008b288fdb,aic,AI컴퓨팅학과,person,류석영,https://aic.kaist.ac.kr/#/people,,2026-05-26T13:24:41.029666+00:00,1.0
doc_8c238ad93968,aic,AI컴퓨팅학과,person,문수복,https://aic.kaist.ac.kr/#/people,,2026-05-26T13:24:41.029666+00:00,1.0
doc_fcde3f86c022,aic,AI컴퓨팅학과,person,박노성,https://aic.kaist.ac.kr/#/people,,2026-05-26T13:24:41.029666+00:00,1.0
doc_c4a18cd33581,aic,AI컴퓨팅학과,person,박대형,https://aic.kaist.ac.kr/#/people,,2026-05-26T13:24:41.029666+00:00,1.0
doc_bb082cf232bf,aic,AI컴퓨팅학과,person,박종세,https://aic.kaist.ac.kr/#/people,,2026-05-26T13:24:41.029666+00:00,1.0
doc_c9b96d9e4eba,aic,AI컴퓨팅학과,person,박진아,https://aic.kaist.ac.kr/#/people,,2026-05-26T13:24:41.029666+00:00,1.0
doc_39a498e6292c,aic,AI컴퓨팅학과,person,성민혁,https://aic.kaist.ac.kr/#/people,,2026-05-26T13:24:41.029666+00:00,1.0
doc_c8883eb1da0c,aic,AI컴퓨팅학과,person,손수엘,https://aic.kaist.ac.kr/#/people,,2026-05-26T13:24:41.029666+00:00,1.0
doc_946362eb876e,aic,AI컴퓨팅학과,person,송준화,https://aic.kaist.ac.kr/#/people,,2026-05-26T13:24:41.029666+00:00,1.0
doc_105ed4b0dfed,aic,AI컴퓨팅학과,person,시어링조셉,https://aic.kaist.ac.kr/#/people,,2026-05-26T13:24:41.029666+00:00,1.0
doc_d61a609dfb7e,aic,AI컴퓨팅학과,person,안성진,https://aic.kaist.ac.kr/#/people,,2026-05-26T13:24:41.029666+00:00,1.0
doc_57de6cf33357,aic,AI컴퓨팅학과,person,오태현,https://aic.kaist.ac.kr/#/people,,2026-05-26T13:24:41.029666+00:00,1.0
doc_aa8ffcb7698b,aic,AI컴퓨팅학과,person,오혜연,https://aic.kaist.ac.kr/#/people,,2026-05-26T13:24:41.029666+00:00,1.0
doc_c00b8e444ef3,aic,AI컴퓨팅학과,person,유신,https://aic.kaist.ac.kr/#/people,,2026-05-26T13:24:41.029666+00:00,1.0
doc_cda6e1e1bf4b,aic,AI컴퓨팅학과,person,윤성의,https://aic.kaist.ac.kr/#/people,,2026-05-26T13:24:41.029666+00:00,1.0
doc_79d2c8e53a6f,aic,AI컴퓨팅학과,person,이기혁,https://aic.kaist.ac.kr/#/people,,2026-05-26T13:24:41.029666+00:00,1.0
doc_e125a3063603,aic,AI컴퓨팅학과,person,이의진,https://aic.kaist.ac.kr/#/people,,2026-05-26T13:24:41.029666+00:00,1.0
doc_d337a1dc9ce8,aic,AI컴퓨팅학과,person,이재길,https://aic.kaist.ac.kr/#/people,,2026-05-26T13:24:41.029666+00:00,1.0
doc_eeea7f02cf38,aic,AI컴퓨팅학과,person,조성호,https://aic.kaist.ac.kr/#/people,,2026-05-26T13:24:41.029666+00:00,1.0
doc_c07354df8e2d,aic,AI컴퓨팅학과,person,한준,https://aic.kaist.ac.kr/#/people,,2026-05-26T13:24:41.029666+00:00,1.0
doc_2d8d87c65aa8,aic,AI컴퓨팅학과,person,홍승훈,https://aic.kaist.ac.kr/#/people,,2026-05-26T13:24:41.029666+00:00,1.0
doc_6a631c1aacc3,aic,AI컴퓨팅학과,person,황지영,https://aic.kaist.ac.kr/#/people,,2026-05-26T13:24:41.029666+00:00,1.0
doc_ab0a7011eaa4,ax,AX학과,admission,(KAIST석사재학생) 석박사 통합과정,https://ax.kaist.ac.kr/#/admission-grad,,2026-05-26T13:29:00.877880+00:00,2.0
doc_b6000c7f325e,ax,AX학과,admission,1단계 합격자 발표,https://ax.kaist.ac.kr/#/admission-grad,,2026-05-26T13:29:00.877880+00:00,1.0
doc_e8e53fd6376b,ax,AX학과,admission,2단계 전형(면접),https://ax.kaist.ac.kr/#/admission-grad,,2026-05-26T13:29:00.877880+00:00,1.0
doc_dfd13466e53e,ax,AX학과,admission,KAIST 장학생,https://ax.kaist.ac.kr/#/admission-grad,,2026-05-26T13:29:00.877880+00:00,1.0
doc_ac28c8f61be6,ax,AX학과,admission,국비 장학생,https://ax.kaist.ac.kr/#/admission-grad,,2026-05-26T13:29:00.877880+00:00,1.0
doc_a5c2cdd67055,ax,AX학과,admission,박사과정,https://ax.kaist.ac.kr/#/admission-grad,,2026-05-26T13:29:00.877880+00:00,3.0
doc_68134ab545b4,ax,AX학과,admission,석박사 통합과정,https://ax.kaist.ac.kr/#/admission-grad,,2026-05-26T13:29:00.877880+00:00,2.0
doc_0d9d64c21379,ax,AX학과,admission,석사과정,https://ax.kaist.ac.kr/#/admission-grad,,2026-05-26T13:29:00.877880+00:00,3.0
doc_5259e6266f4f,ax,AX학과,admission,원서접수(서류제출 포함),https://ax.kaist.ac.kr/#/admission-grad,,2026-05-26T13:29:00.877880+00:00,1.0
doc_c96bfbd53cf2,ax,AX학과,admission,일반 장학생,https://ax.kaist.ac.kr/#/admission-grad,,2026-05-26T13:29:00.877880+00:00,1.0
doc_3911b213d215,ax,AX학과,admission,재학생 석박사통합과정,https://ax.kaist.ac.kr/#/admission-grad,,2026-05-26T13:29:00.877880+00:00,2.0
doc_47041fe7c13c,ax,AX학과,admission,지도 교수 신청 관련 사항,https://ax.kaist.ac.kr/#/admission-grad,,2026-05-26T13:29:00.877880+00:00,1.0
doc_c71a7a35c9fb,ax,AX학과,admission,학·석박통합연계과정,https://ax.kaist.ac.kr/#/admission-grad,,2026-05-26T13:29:00.877880+00:00,1.0
doc_dc0f5a1fecf5,ax,AX학과,admission,입학처 홈,https://ax.kaist.ac.kr/#/admission-ug,,2026-05-26T13:28:56.589155+00:00,1.0
doc_5a095e4f886e,ax,AX학과,asset,입학처 홈페이지 바로가기,https://ax.kaist.ac.kr/#/admission-grad,,2026-05-26T13:29:00.877880+00:00,1.0
doc_6d288d88e91a,ax,AX학과,asset,2026 가을학기 AX학과 입시설명회 포스터,https://ax.kaist.ac.kr/#/notice,,2026-05-26T13:29:54.936230+00:00,1.0
doc_bca451110137,ax,AX학과,asset,AX 학과 학과설명회 포스터,https://ax.kaist.ac.kr/#/notice,,2026-05-26T13:29:54.936230+00:00,1.0
doc_0089438279ab,ax,AX학과,attachment_pdf,20260318_AX학과_2026년_가을입학_입시설명회_VER3.pdf,https://ax.kaist.ac.kr/files/20260318_AX학과_2026년_가을입학_입시설명회_VER3.pdf,site_page,2026-05-26T13:29:54.936230+00:00,4.0
doc_ad290a24754c,ax,AX학과,course,AI 발명 및 특허 출원,https://ax.kaist.ac.kr/#/education-courses,,2026-05-26T13:29:07.575376+00:00,1.0
doc_583e6a34839f,ax,AX학과,course,AI 시스템 설계 및 플랫폼 구현,https://ax.kaist.ac.kr/#/education-courses,,2026-05-26T13:29:07.575376+00:00,1.0
doc_6f8dcde050fd,ax,AX학과,course,AI 철학: 윤리와 법,https://ax.kaist.ac.kr/#/education-courses,,2026-05-26T13:29:07.575376+00:00,1.0
doc_f76e39151b3c,ax,AX학과,course,AI 특허,https://ax.kaist.ac.kr/#/education-courses,,2026-05-26T13:29:07.575376+00:00,1.0
doc_97f62e3cb6b1,ax,AX학과,course,"AI를 위한 고급 확률, 통계 및 최적화",https://ax.kaist.ac.kr/#/education-courses,,2026-05-26T13:29:07.575376+00:00,1.0
doc_f6ad7525ac67,ax,AX학과,course,"AI를 위한 확률, 통계 및 최적화",https://ax.kaist.ac.kr/#/education-courses,,2026-05-26T13:29:07.575376+00:00,1.0
doc_5ecb62ff9d14,ax,AX학과,course,AI모델 및 알고리즘의 이해,https://ax.kaist.ac.kr/#/education-courses,,2026-05-26T13:29:07.575376+00:00,1.0
doc_ea09f42bfc94,ax,AX학과,course,AX 고급 리빙랩,https://ax.kaist.ac.kr/#/education-courses,,2026-05-26T13:29:07.575376+00:00,1.0
doc_2e6d589e626c,ax,AX학과,course,AX 리빙랩 I,https://ax.kaist.ac.kr/#/education-courses,,2026-05-26T13:29:07.575376+00:00,1.0
doc_ae6ecc2a8675,ax,AX학과,course,AX 리빙랩 II,https://ax.kaist.ac.kr/#/education-courses,,2026-05-26T13:29:07.575376+00:00,1.0
doc_ac1a9c917075,ax,AX학과,course,AX의 특강,https://ax.kaist.ac.kr/#/education-courses,,2026-05-26T13:29:07.575376+00:00,1.0
doc_741cd8cba437,ax,AX학과,course,AX의 특수논제,https://ax.kaist.ac.kr/#/education-courses,,2026-05-26T13:29:07.575376+00:00,1.0
doc_800d7eee497f,ax,AX학과,course,OR: 최적화,https://ax.kaist.ac.kr/#/education-courses,,2026-05-26T13:29:07.575376+00:00,1.0
doc_88aa40552d66,ax,AX학과,course,건설 및 환경공학 특강,https://ax.kaist.ac.kr/#/education-courses,,2026-05-26T13:29:07.575376+00:00,1.0
doc_88b9ca07a097,ax,AX학과,course,건설 및 환경공학 특강 <기후 시스템 과학과 완화 및 적응 방안>,https://ax.kaist.ac.kr/#/education-courses,,2026-05-26T13:29:07.575376+00:00,1.0
doc_f47cbbcf88c8,ax,AX학과,course,게임이론,https://ax.kaist.ac.kr/#/education-courses,,2026-05-26T13:29:07.575376+00:00,1.0
doc_de0f7071a141,ax,AX학과,course,경영을 위한 인공지능 기초,https://ax.kaist.ac.kr/#/education-courses,,2026-05-26T13:29:07.575376+00:00,2.0
doc_d74329d0ad48,ax,AX학과,course,계산과학을 위한 기계학습,https://ax.kaist.ac.kr/#/education-courses,,2026-05-26T13:29:07.575376+00:00,1.0
doc_019646615730,ax,AX학과,course,고급경영통계,https://ax.kaist.ac.kr/#/education-courses,,2026-05-26T13:29:07.575376+00:00,1.0
doc_51924b0c1bc0,ax,AX학과,course,고급계량분석,https://ax.kaist.ac.kr/#/education-courses,,2026-05-26T13:29:07.575376+00:00,1.0
doc_79e83e2efb85,ax,AX학과,course,고급신경생물학,https://ax.kaist.ac.kr/#/education-courses,,2026-05-26T13:29:07.575376+00:00,1.0
doc_b6c58f1cac10,ax,AX학과,course,공정모사와 제어,https://ax.kaist.ac.kr/#/education-courses,,2026-05-26T13:29:07.575376+00:00,1.0
doc_d48d522a30ad,ax,AX학과,course,공학 설계,https://ax.kaist.ac.kr/#/education-courses,,2026-05-26T13:29:07.575376+00:00,1.0
doc_cb1e3f48bc45,ax,AX학과,course,공학통계 I,https://ax.kaist.ac.kr/#/education-courses,,2026-05-26T13:29:07.575376+00:00,1.0
doc_6c1c1bae4f59,ax,AX학과,course,공학통계 II,https://ax.kaist.ac.kr/#/education-courses,,2026-05-26T13:29:07.575376+00:00,1.0
doc_742a360ca5ef,ax,AX학과,course,교통시스템을 위한 인공지능 적용,https://ax.kaist.ac.kr/#/education-courses,,2026-05-26T13:29:07.575376+00:00,1.0
doc_859dea386771,ax,AX학과,course,구조물 안전진단을 위한 통계식 패턴인식 및 머신러닝,https://ax.kaist.ac.kr/#/education-courses,,2026-05-26T13:29:07.575376+00:00,1.0
doc_e816b3fd1b8d,ax,AX학과,course,논문연구 (박사),https://ax.kaist.ac.kr/#/education-courses,,2026-05-26T13:29:07.575376+00:00,1.0
doc_91c2d50b7624,ax,AX학과,course,논문연구 (석사),https://ax.kaist.ac.kr/#/education-courses,,2026-05-26T13:29:07.575376+00:00,1.0
doc_8211c344dec1,ax,AX학과,course,대사공학 및 합성생물학 입문,https://ax.kaist.ac.kr/#/education-courses,,2026-05-26T13:29:07.575376+00:00,1.0
doc_c54bfecf71b5,ax,AX학과,course,데이터 구조 및 분석,https://ax.kaist.ac.kr/#/education-courses,,2026-05-26T13:29:07.575376+00:00,1.0
doc_b945409d10ae,ax,AX학과,course,데이터 기반 의사결정 및 제어 방법론,https://ax.kaist.ac.kr/#/education-courses,,2026-05-26T13:29:07.575376+00:00,1.0
doc_b82dd6b8c602,ax,AX학과,course,도시건축학개론,https://ax.kaist.ac.kr/#/education-courses,,2026-05-26T13:29:07.575376+00:00,1.0
doc_cfc2bb1d3bd8,ax,AX학과,course,랜덤데이타: 해석 및 처리,https://ax.kaist.ac.kr/#/education-courses,,2026-05-26T13:29:07.575376+00:00,1.0
doc_c1d6522d2376,ax,AX학과,course,로봇공학 개론,https://ax.kaist.ac.kr/#/education-courses,,2026-05-26T13:29:07.575376+00:00,1.0
doc_e65c630fff58,ax,AX학과,course,마케팅원론,https://ax.kaist.ac.kr/#/education-courses,,2026-05-26T13:29:07.575376+00:00,1.0
doc_02202041d665,ax,AX학과,course,메카트로닉스 시스템 설계,https://ax.kaist.ac.kr/#/education-courses,,2026-05-26T13:29:07.575376+00:00,1.0
doc_beb12fe503bd,ax,AX학과,course,모빌리티시스템공학개론,https://ax.kaist.ac.kr/#/education-courses,,2026-05-26T13:29:07.575376+00:00,1.0
doc_3ced2db76c8c,ax,AX학과,course,사회기반시설물을 위한 센싱기술 개론,https://ax.kaist.ac.kr/#/education-courses,,2026-05-26T13:29:07.575376+00:00,1.0
doc_763d7b02b50a,ax,AX학과,course,생명공학을 위한 빅데이터 분석 및 기계학습,https://ax.kaist.ac.kr/#/education-courses,,2026-05-26T13:29:07.575376+00:00,2.0
doc_0010f8f47f1a,ax,AX학과,course,생명과학을 위한 데이터기반 인공지능,https://ax.kaist.ac.kr/#/education-courses,,2026-05-26T13:29:07.575376+00:00,1.0
doc_b0a254bfb475,ax,AX학과,course,생명화학공학특강: AI를 이용한 생화공 문제 해결,https://ax.kaist.ac.kr/#/education-courses,,2026-05-26T13:29:07.575376+00:00,1.0
doc_82b3d4492eb0,ax,AX학과,course,생물통계학,https://ax.kaist.ac.kr/#/education-courses,,2026-05-26T13:29:07.575376+00:00,2.0
doc_723ed5373615,ax,AX학과,course,생산관리 I,https://ax.kaist.ac.kr/#/education-courses,,2026-05-26T13:29:07.575376+00:00,1.0
doc_8e7afdb7edc3,ax,AX학과,course,생화공 수치계산법,https://ax.kaist.ac.kr/#/education-courses,,2026-05-26T13:29:07.575376+00:00,1.0
doc_f406f0592f46,ax,AX학과,course,생화학,https://ax.kaist.ac.kr/#/education-courses,,2026-05-26T13:29:07.575376+00:00,1.0
doc_c10a9dd42385,ax,AX학과,course,소프트웨어프로토타이핑,https://ax.kaist.ac.kr/#/education-courses,,2026-05-26T13:29:07.575376+00:00,1.0
doc_ae4cf9dcc76a,ax,AX학과,course,수리생물학개론,https://ax.kaist.ac.kr/#/education-courses,,2026-05-26T13:29:07.575376+00:00,1.0
doc_8798a9e46b0d,ax,AX학과,course,스마트 제조를 위한 인공지능,https://ax.kaist.ac.kr/#/education-courses,,2026-05-26T13:29:07.575376+00:00,1.0
doc_ef12b2f07842,ax,AX학과,course,스마트시티와 디지털 인프라스트럭쳐 개론,https://ax.kaist.ac.kr/#/education-courses,,2026-05-26T13:29:07.575376+00:00,1.0
doc_efc9990d7373,ax,AX학과,course,시각지능개론,https://ax.kaist.ac.kr/#/education-courses,,2026-05-26T13:29:07.575376+00:00,1.0
doc_6ed091ff2350,ax,AX학과,course,시스템 모델링 제어,https://ax.kaist.ac.kr/#/education-courses,,2026-05-26T13:29:07.575376+00:00,1.0
doc_c3533a498aaf,ax,AX학과,course,신경망이론 및 응용,https://ax.kaist.ac.kr/#/education-courses,,2026-05-26T13:29:07.575376+00:00,1.0
doc_529d599a0928,ax,AX학과,course,신경생물학 I,https://ax.kaist.ac.kr/#/education-courses,,2026-05-26T13:29:07.575376+00:00,1.0
doc_cdd60bcbc435,ax,AX학과,course,신경생물학 II,https://ax.kaist.ac.kr/#/education-courses,,2026-05-26T13:29:07.575376+00:00,1.0
doc_7a7327a6af4a,ax,AX학과,course,신소재특강: 전산재료과학개론,https://ax.kaist.ac.kr/#/education-courses,,2026-05-26T13:29:07.575376+00:00,1.0
doc_c3976b310eb5,ax,AX학과,course,신호 및 영상처리를 위한 프로그래밍,https://ax.kaist.ac.kr/#/education-courses,,2026-05-26T13:29:07.575376+00:00,1.0
doc_3718827ab768,ax,AX학과,course,유전체학,https://ax.kaist.ac.kr/#/education-courses,,2026-05-26T13:29:07.575376+00:00,1.0
doc_2af811198d7d,ax,AX학과,course,응용수학의 방법,https://ax.kaist.ac.kr/#/education-courses,,2026-05-26T13:29:07.575376+00:00,1.0
doc_52bd5ab72ebe,ax,AX학과,course,인공지능 화학,https://ax.kaist.ac.kr/#/education-courses,,2026-05-26T13:29:07.575376+00:00,2.0
doc_22e0cb594dbe,ax,AX학과,course,인공지능과 스마트기술을 이용한 사회기반구조물 및 환경 설계,https://ax.kaist.ac.kr/#/education-courses,,2026-05-26T13:29:07.575376+00:00,1.0
doc_7407863bafbc,ax,AX학과,course,인공지능을 통한 비즈니스 솔루션,https://ax.kaist.ac.kr/#/education-courses,,2026-05-26T13:29:07.575376+00:00,1.0
doc_ed840ee3361a,ax,AX학과,course,자동제어,https://ax.kaist.ac.kr/#/education-courses,,2026-05-26T13:29:07.575376+00:00,1.0
doc_aa813e614f02,ax,AX학과,course,자율주행 인공지능,https://ax.kaist.ac.kr/#/education-courses,,2026-05-26T13:29:07.575376+00:00,1.0
doc_b457d111f49c,ax,AX학과,course,자율주행 자동차 개론,https://ax.kaist.ac.kr/#/education-courses,,2026-05-26T13:29:07.575376+00:00,1.0
doc_081772f818d7,ax,AX학과,course,재무관리론,https://ax.kaist.ac.kr/#/education-courses,,2026-05-26T13:29:07.575376+00:00,1.0
doc_043580fb7b08,ax,AX학과,course,제조 프로세스 혁신,https://ax.kaist.ac.kr/#/education-courses,,2026-05-26T13:29:07.575376+00:00,1.0
doc_74d8acd4ee59,ax,AX학과,course,지리공간분석개론,https://ax.kaist.ac.kr/#/education-courses,,2026-05-26T13:29:07.575376+00:00,1.0
doc_86a8f38be588,ax,AX학과,course,지속가능 기술시스템을 위한 데이터 과학 방법론,https://ax.kaist.ac.kr/#/education-courses,,2026-05-26T13:29:07.575376+00:00,1.0
doc_8afdac3d59b2,ax,AX학과,course,지속가능 물순환 공학,https://ax.kaist.ac.kr/#/education-courses,,2026-05-26T13:29:07.575376+00:00,1.0
doc_1d6b395644ae,ax,AX학과,course,추천시스템 및 그래프기계학습,https://ax.kaist.ac.kr/#/education-courses,,2026-05-26T13:29:07.575376+00:00,1.0
doc_7b4e7eb1e4a4,ax,AX학과,course,통계분석론,https://ax.kaist.ac.kr/#/education-courses,,2026-05-26T13:29:07.575376+00:00,1.0
doc_221d095c75f7,ax,AX학과,course,통계적 기계학습,https://ax.kaist.ac.kr/#/education-courses,,2026-05-26T13:29:07.575376+00:00,1.0
doc_cabddf280d0d,ax,AX학과,course,환경 과학 및 공학개론,https://ax.kaist.ac.kr/#/education-courses,,2026-05-26T13:29:07.575376+00:00,1.0
doc_7ed0a042c0fc,ax,AX학과,event,AX 학과 학과설명회 안내,https://ax.kaist.ac.kr/#/notice,,2026-05-26T13:29:54.936230+00:00,1.0
doc_536850b68314,ax,AX학과,page_section,학과 소개,https://ax.kaist.ac.kr/#/dept-intro,dept_intro,2026-05-26T13:28:40.221779+00:00,1.0
doc_50411f037f16,ax,AX학과,page_section,AX학과 전공선택 과목 리스트,https://ax.kaist.ac.kr/#/education-courses,education_courses,2026-05-26T13:29:07.575376+00:00,1.0
doc_69e0e39551e0,ax,AX학과,page_section,경과조치,https://ax.kaist.ac.kr/#/education-reqs,education_reqs,2026-05-26T13:29:11.862787+00:00,1.0
doc_f34ebfa6e538,ax,AX학과,page_section,기초선택 이수요건,https://ax.kaist.ac.kr/#/education-reqs,education_reqs,2026-05-26T13:29:11.862787+00:00,1.0
doc_a7205df99991,ax,AX학과,page_section,복수전공 총 40학점 이상,https://ax.kaist.ac.kr/#/education-reqs,education_reqs,2026-05-26T13:29:11.862787+00:00,1.0
doc_adec3189d71d,ax,AX학과,page_section,부전공 총 21학점 이상,https://ax.kaist.ac.kr/#/education-reqs,education_reqs,2026-05-26T13:29:11.862787+00:00,1.0
doc_2c5df4a32e53,ax,AX학과,page_section,심화전공 총 15학점 이상,https://ax.kaist.ac.kr/#/education-reqs,education_reqs,2026-05-26T13:29:11.862787+00:00,1.0
doc_76678c19b29b,ax,AX학과,page_section,연구: 총 3학점 이상,https://ax.kaist.ac.kr/#/education-reqs,education_reqs,2026-05-26T13:29:11.862787+00:00,1.0
doc_94a3571614ad,ax,AX학과,page_section,자유융합전공 총 12학점 이상,https://ax.kaist.ac.kr/#/education-reqs,education_reqs,2026-05-26T13:29:11.862787+00:00,1.0
doc_9ec2090c3313,ax,AX학과,page_section,전공: 44학점 이상,https://ax.kaist.ac.kr/#/education-reqs,education_reqs,2026-05-26T13:29:11.862787+00:00,1.0
doc_79ab03cdcc65,ax,AX학과,page_section,졸업이수학점 총 138학점 이상,https://ax.kaist.ac.kr/#/education-reqs,education_reqs,2026-05-26T13:29:11.862787+00:00,1.0
doc_c742cd557476,ax,AX학과,page_section,“현실 문제를 정의하고 해결하는 AI-Native 전문가를 양성합니다.”,https://ax.kaist.ac.kr/#/welcome-message,welcome_message,2026-05-26T13:28:44.188445+00:00,1.0
doc_4f26fffd5f3d,ax,AX학과,person,Andrea Bianchi,https://ax.kaist.ac.kr/#/people,,2026-05-26T13:28:52.678054+00:00,1.0
doc_ee92d8441087,ax,AX학과,person,강이룬,https://ax.kaist.ac.kr/#/people,,2026-05-26T13:28:52.678054+00:00,1.0
doc_a59a1f34400d,ax,AX학과,person,강형률,https://ax.kaist.ac.kr/#/people,,2026-05-26T13:28:52.678054+00:00,1.0
doc_bca9c58a6918,ax,AX학과,person,경기욱,https://ax.kaist.ac.kr/#/people,,2026-05-26T13:28:52.678054+00:00,1.0
doc_eb7c5eaaa6b6,ax,AX학과,person,고동연,https://ax.kaist.ac.kr/#/people,,2026-05-26T13:28:52.678054+00:00,1.0
doc_903a519a26f8,ax,AX학과,person,공경철,https://ax.kaist.ac.kr/#/people,,2026-05-26T13:28:52.678054+00:00,1.0
doc_3424ff6b4303,ax,AX학과,person,공승현,https://ax.kaist.ac.kr/#/people,,2026-05-26T13:28:52.678054+00:00,1.0
doc_3e4dc90d04ec,ax,AX학과,person,구승범,https://ax.kaist.ac.kr/#/people,,2026-05-26T13:28:52.678054+00:00,1.0
doc_915c5252549b,ax,AX학과,person,권석범,https://ax.kaist.ac.kr/#/people,,2026-05-26T13:28:52.678054+00:00,1.0
doc_ed0d45e47897,ax,AX학과,person,권태혁,https://ax.kaist.ac.kr/#/people,,2026-05-26T13:28:52.678054+00:00,1.0
doc_f5ef06da52f5,ax,AX학과,person,금동석,https://ax.kaist.ac.kr/#/people,,2026-05-26T13:28:52.678054+00:00,1.0
doc_3e4d4da22627,ax,AX학과,person,김경국,https://ax.kaist.ac.kr/#/people,,2026-05-26T13:28:52.678054+00:00,1.0
doc_e7bdbcf92ff8,ax,AX학과,person,김대겸,https://ax.kaist.ac.kr/#/people,,2026-05-26T13:28:52.678054+00:00,1.0
doc_070e2aa7abb5,ax,AX학과,person,김동규,https://ax.kaist.ac.kr/#/people,,2026-05-26T13:28:52.678054+00:00,1.0
doc_58561f360f9c,ax,AX학과,person,김동혁,https://ax.kaist.ac.kr/#/people,,2026-05-26T13:28:52.678054+00:00,1.0
doc_aae0846bd4f3,ax,AX학과,person,김동훈,https://ax.kaist.ac.kr/#/people,,2026-05-26T13:28:52.678054+00:00,1.0
doc_dff2c7e9543b,ax,AX학과,person,김륜희,https://ax.kaist.ac.kr/#/people,,2026-05-26T13:28:52.678054+00:00,1.0
doc_6f22c22830a4,ax,AX학과,person,김미소,https://ax.kaist.ac.kr/#/people,,2026-05-26T13:28:52.678054+00:00,1.0
doc_7c3bcb956932,ax,AX학과,person,김민기,https://ax.kaist.ac.kr/#/people,,2026-05-26T13:28:52.678054+00:00,1.0
doc_2706b45b7afc,ax,AX학과,person,김산하,https://ax.kaist.ac.kr/#/people,,2026-05-26T13:28:52.678054+00:00,1.0
doc_b8d200065f77,ax,AX학과,person,김성수,https://ax.kaist.ac.kr/#/people,,2026-05-26T13:28:52.678054+00:00,1.0
doc_30b0a619c49e,ax,AX학과,person,김성영,https://ax.kaist.ac.kr/#/people,,2026-05-26T13:28:52.678054+00:00,1.0
doc_ce28925c3dcc,ax,AX학과,person,김영진,https://ax.kaist.ac.kr/#/people,,2026-05-26T13:28:52.678054+00:00,1.0
doc_1ee8e373f310,ax,AX학과,person,김영철,https://ax.kaist.ac.kr/#/people,,2026-05-26T13:28:52.678054+00:00,1.0
doc_0966394de785,ax,AX학과,person,김용대,https://ax.kaist.ac.kr/#/people,,2026-05-26T13:28:52.678054+00:00,1.0
doc_7dc1d0ea4c55,ax,AX학과,person,김우연,https://ax.kaist.ac.kr/#/people,,2026-05-26T13:28:52.678054+00:00,1.0
doc_462dc2742705,ax,AX학과,person,김인희,https://ax.kaist.ac.kr/#/people,,2026-05-26T13:28:52.678054+00:00,1.0
doc_eb89fa75ac5c,ax,AX학과,person,김재경,https://ax.kaist.ac.kr/#/people,,2026-05-26T13:28:52.678054+00:00,2.0
doc_9f5d9c64d244,ax,AX학과,person,김재홍,https://ax.kaist.ac.kr/#/people,,2026-05-26T13:28:52.678054+00:00,1.0
doc_1457d2c810cd,ax,AX학과,person,김지태,https://ax.kaist.ac.kr/#/people,,2026-05-26T13:28:52.678054+00:00,1.0
doc_7721dad9cd53,ax,AX학과,person,김지한,https://ax.kaist.ac.kr/#/people,,2026-05-26T13:28:52.678054+00:00,1.0
doc_2e859e17a6e3,ax,AX학과,person,김지효,https://ax.kaist.ac.kr/#/people,,2026-05-26T13:28:52.678054+00:00,1.0
doc_6a26bd5ed7dc,ax,AX학과,person,김지희,https://ax.kaist.ac.kr/#/people,,2026-05-26T13:28:52.678054+00:00,1.0
doc_30d23fb52c43,ax,AX학과,person,김진수,https://ax.kaist.ac.kr/#/people,,2026-05-26T13:28:52.678054+00:00,1.0
doc_00d458b4bd37,ax,AX학과,person,김진환,https://ax.kaist.ac.kr/#/people,,2026-05-26T13:28:52.678054+00:00,1.0
doc_6420c3a974dc,ax,AX학과,person,김현우,https://ax.kaist.ac.kr/#/people,,2026-05-26T13:28:52.678054+00:00,1.0
doc_69226ff4911e,ax,AX학과,person,김현욱,https://ax.kaist.ac.kr/#/people,,2026-05-26T13:28:52.678054+00:00,1.0
doc_776261a5b7f8,ax,AX학과,person,김현정,https://ax.kaist.ac.kr/#/people,,2026-05-26T13:28:52.678054+00:00,1.0
doc_8e9082398f28,ax,AX학과,person,김현진,https://ax.kaist.ac.kr/#/people,,2026-05-26T13:28:52.678054+00:00,1.0
doc_022d34918536,ax,AX학과,person,김형준,https://ax.kaist.ac.kr/#/people,,2026-05-26T13:28:52.678054+00:00,1.0
doc_023b195a81db,ax,AX학과,person,김형철,https://ax.kaist.ac.kr/#/people,,2026-05-26T13:28:52.678054+00:00,1.0
doc_9533b5aafd84,ax,AX학과,person,김호민,https://ax.kaist.ac.kr/#/people,,2026-05-26T13:28:52.678054+00:00,1.0
doc_92b84441e499,ax,AX학과,person,김희영,https://ax.kaist.ac.kr/#/people,,2026-05-26T13:28:52.678054+00:00,1.0
doc_9a0589eb4a60,ax,AX학과,person,남영석,https://ax.kaist.ac.kr/#/people,,2026-05-26T13:28:52.678054+00:00,1.0
doc_94730165db18,ax,AX학과,person,남윤성,https://ax.kaist.ac.kr/#/people,,2026-05-26T13:28:52.678054+00:00,1.0
doc_ca5dfd5fa738,ax,AX학과,person,남택진,https://ax.kaist.ac.kr/#/people,,2026-05-26T13:28:52.678054+00:00,1.0
doc_a4d93735dc8c,ax,AX학과,person,노민균,https://ax.kaist.ac.kr/#/people,,2026-05-26T13:28:52.678054+00:00,1.0
doc_09f2857370f7,ax,AX학과,person,노준용,https://ax.kaist.ac.kr/#/people,,2026-05-26T13:28:52.678054+00:00,1.0
doc_b50d0fb83841,ax,AX학과,person,명재욱,https://ax.kaist.ac.kr/#/people,,2026-05-26T13:28:52.678054+00:00,1.0
doc_4f10241ce91e,ax,AX학과,person,문일철,https://ax.kaist.ac.kr/#/people,,2026-05-26T13:28:52.678054+00:00,1.0
doc_ac7d82707757,ax,AX학과,person,믹전해원,https://ax.kaist.ac.kr/#/people,,2026-05-26T13:28:52.678054+00:00,1.0
doc_5e0aa4b297c0,ax,AX학과,person,박성홍,https://ax.kaist.ac.kr/#/people,,2026-05-26T13:28:52.678054+00:00,1.0
doc_8ac1ee7794f7,ax,AX학과,person,박용근,https://ax.kaist.ac.kr/#/people,,2026-05-26T13:28:52.678054+00:00,1.0
doc_dad2efdef87d,ax,AX학과,person,박용화,https://ax.kaist.ac.kr/#/people,,2026-05-26T13:28:52.678054+00:00,1.0
doc_6352ec68782a,ax,AX학과,person,박인규,https://ax.kaist.ac.kr/#/people,,2026-05-26T13:28:52.678054+00:00,1.0
doc_a24983c79433,ax,AX학과,person,박주용,https://ax.kaist.ac.kr/#/people,,2026-05-26T13:28:52.678054+00:00,1.0
doc_ec0cc4db063a,ax,AX학과,person,박진규,https://ax.kaist.ac.kr/#/people,,2026-05-26T13:28:52.678054+00:00,1.0
doc_d3eb2eef4aac,ax,AX학과,person,박찬영,https://ax.kaist.ac.kr/#/people,,2026-05-26T13:28:52.678054+00:00,1.0
doc_0ae71077e0c1,ax,AX학과,person,배준환,https://ax.kaist.ac.kr/#/people,,2026-05-26T13:28:52.678054+00:00,1.0
doc_c7d0a4c3067d,ax,AX학과,person,백용욱,https://ax.kaist.ac.kr/#/people,,2026-05-26T13:28:52.678054+00:00,1.0
doc_2740deb3c8af,ax,AX학과,person,백형렬,https://ax.kaist.ac.kr/#/people,,2026-05-26T13:28:52.678054+00:00,1.0
doc_c7256c95dccb,ax,AX학과,person,부찬희,https://ax.kaist.ac.kr/#/people,,2026-05-26T13:28:52.678054+00:00,1.0
doc_01f5876a033e,ax,AX학과,person,서동화,https://ax.kaist.ac.kr/#/people,,2026-05-26T13:28:52.678054+00:00,1.0
doc_476617c8575a,ax,AX학과,person,손종우,https://ax.kaist.ac.kr/#/people,,2026-05-26T13:28:52.678054+00:00,1.0
doc_57582fcfcf7a,ax,AX학과,person,송지준,https://ax.kaist.ac.kr/#/people,,2026-05-26T13:28:52.678054+00:00,1.0
doc_e945be209ae2,ax,AX학과,person,송호승,https://ax.kaist.ac.kr/#/people,,2026-05-26T13:28:52.678054+00:00,1.0
doc_76bbf6f69ea1,ax,AX학과,person,송환준,https://ax.kaist.ac.kr/#/people,,2026-05-26T13:28:52.678054+00:00,1.0
doc_28fefdf0afac,ax,AX학과,person,신동혁,https://ax.kaist.ac.kr/#/people,,2026-05-26T13:28:52.678054+00:00,1.0
doc_975b6d6beadb,ax,AX학과,person,신승훈,https://ax.kaist.ac.kr/#/people,,2026-05-26T13:28:52.678054+00:00,1.0
doc_9d35cab441e2,ax,AX학과,person,신은철,https://ax.kaist.ac.kr/#/people,,2026-05-26T13:28:52.678054+00:00,1.0
doc_6c8494b94213,ax,AX학과,person,안승영,https://ax.kaist.ac.kr/#/people,,2026-05-26T13:28:52.678054+00:00,1.0
doc_33e64005f258,ax,AX학과,person,엄지용,https://ax.kaist.ac.kr/#/people,,2026-05-26T13:28:52.678054+00:00,1.0
doc_f67d49e7aee7,ax,AX학과,person,여화수,https://ax.kaist.ac.kr/#/people,,2026-05-26T13:28:52.678054+00:00,1.0
doc_cdff280fe7e1,ax,AX학과,person,오왕열,https://ax.kaist.ac.kr/#/people,,2026-05-26T13:28:52.678054+00:00,1.0
doc_dbdfa216556b,ax,AX학과,person,오일권,https://ax.kaist.ac.kr/#/people,,2026-05-26T13:28:52.678054+00:00,1.0
doc_5a7716d9717e,ax,AX학과,person,오태현,https://ax.kaist.ac.kr/#/people,,2026-05-26T13:28:52.678054+00:00,1.0
doc_67d71f7e6620,ax,AX학과,person,오현동,https://ax.kaist.ac.kr/#/people,,2026-05-26T13:28:52.678054+00:00,1.0
doc_2bb93c5ac0df,ax,AX학과,person,우동현,https://ax.kaist.ac.kr/#/people,,2026-05-26T13:28:52.678054+00:00,1.0
doc_6c1092667a14,ax,AX학과,person,우운택,https://ax.kaist.ac.kr/#/people,,2026-05-26T13:28:52.678054+00:00,1.0
doc_0bbc4297fb92,ax,AX학과,person,원유집,https://ax.kaist.ac.kr/#/people,,2026-05-26T13:28:52.678054+00:00,1.0
doc_e86bb8e76f17,ax,AX학과,person,유승화,https://ax.kaist.ac.kr/#/people,,2026-05-26T13:28:52.678054+00:00,1.0
doc_95d2c9606ede,ax,AX학과,person,유홍기,https://ax.kaist.ac.kr/#/people,,2026-05-26T13:28:52.678054+00:00,1.0
doc_1df120b25d77,ax,AX학과,person,윤국진,https://ax.kaist.ac.kr/#/people,,2026-05-26T13:28:52.678054+00:00,1.0
doc_87d5482c910c,ax,AX학과,person,윤기준,https://ax.kaist.ac.kr/#/people,,2026-05-26T13:28:52.678054+00:00,1.0
doc_f56c87e749a5,ax,AX학과,person,윤보학,https://ax.kaist.ac.kr/#/people,,2026-05-26T13:28:52.678054+00:00,1.0
doc_fd1b47959590,ax,AX학과,person,윤상호,https://ax.kaist.ac.kr/#/people,,2026-05-26T13:28:52.678054+00:00,1.0
doc_ff0299d636a1,ax,AX학과,person,윤용진,https://ax.kaist.ac.kr/#/people,,2026-05-26T13:28:52.678054+00:00,1.0
doc_fb48e29d364a,ax,AX학과,person,윤정환,https://ax.kaist.ac.kr/#/people,,2026-05-26T13:28:52.678054+00:00,1.0
doc_cc9ce8230d7d,ax,AX학과,person,윤희택,https://ax.kaist.ac.kr/#/people,,2026-05-26T13:28:52.678054+00:00,1.0
doc_e1696b406daf,ax,AX학과,person,이강택,https://ax.kaist.ac.kr/#/people,,2026-05-26T13:28:52.678054+00:00,1.0
doc_079533a5e07a,ax,AX학과,person,이관수,https://ax.kaist.ac.kr/#/people,,2026-05-26T13:28:52.678054+00:00,1.0
doc_004f1ddde39a,ax,AX학과,person,이광록,https://ax.kaist.ac.kr/#/people,,2026-05-26T13:28:52.678054+00:00,1.0
doc_c6d7434e4705,ax,AX학과,person,이규리,https://ax.kaist.ac.kr/#/people,,2026-05-26T13:28:52.678054+00:00,1.0
doc_e2a1793be9da,ax,AX학과,person,이병욱,https://ax.kaist.ac.kr/#/people,,2026-05-26T13:28:52.678054+00:00,1.0
doc_0bd8e78a2bd4,ax,AX학과,person,이봉재,https://ax.kaist.ac.kr/#/people,,2026-05-26T13:28:52.678054+00:00,1.0
doc_9d0e5e7bf037,ax,AX학과,person,이상엽,https://ax.kaist.ac.kr/#/people,,2026-05-26T13:28:52.678054+00:00,1.0
doc_2f84bb1ccc56,ax,AX학과,person,이선재,https://ax.kaist.ac.kr/#/people,,2026-05-26T13:28:52.678054+00:00,1.0
doc_86d7ac712d0d,ax,AX학과,person,이성희,https://ax.kaist.ac.kr/#/people,,2026-05-26T13:28:52.678054+00:00,1.0
doc_3b285ebe8388,ax,AX학과,person,이수진,https://ax.kaist.ac.kr/#/people,,2026-05-26T13:28:52.678054+00:00,1.0
doc_395fa2504b37,ax,AX학과,person,이승재,https://ax.kaist.ac.kr/#/people,,2026-05-26T13:28:52.678054+00:00,1.0
doc_18928182d688,ax,AX학과,person,이승철,https://ax.kaist.ac.kr/#/people,,2026-05-26T13:28:52.678054+00:00,1.0
doc_4c5d2a9b2154,ax,AX학과,person,이승희,https://ax.kaist.ac.kr/#/people,,2026-05-26T13:28:52.678054+00:00,1.0
doc_acd460794db0,ax,AX학과,person,이영석,https://ax.kaist.ac.kr/#/people,,2026-05-26T13:28:52.678054+00:00,1.0
doc_418ad9268132,ax,AX학과,person,이원재,https://ax.kaist.ac.kr/#/people,,2026-05-26T13:28:52.678054+00:00,1.0
doc_1859877b8329,ax,AX학과,person,이윤구,https://ax.kaist.ac.kr/#/people,,2026-05-26T13:28:52.678054+00:00,1.0
doc_5b5af85408a1,ax,AX학과,person,이익진,https://ax.kaist.ac.kr/#/people,,2026-05-26T13:28:52.678054+00:00,1.0
doc_e8d300d52b18,ax,AX학과,person,이정철,https://ax.kaist.ac.kr/#/people,,2026-05-26T13:28:52.678054+00:00,1.0
doc_ddda34fae7fa,ax,AX학과,person,이종석,https://ax.kaist.ac.kr/#/people,,2026-05-26T13:28:52.678054+00:00,1.0
doc_f8a268ae5b0f,ax,AX학과,person,이진우,https://ax.kaist.ac.kr/#/people,,2026-05-26T13:28:52.678054+00:00,1.0
doc_e3928dad9ec5,ax,AX학과,person,이진준,https://ax.kaist.ac.kr/#/people,,2026-05-26T13:28:52.678054+00:00,1.0
doc_27a96c3e7fac,ax,AX학과,person,이철호,https://ax.kaist.ac.kr/#/people,,2026-05-26T13:28:52.678054+00:00,1.0
doc_87d7932e01ba,ax,AX학과,person,이탁연,https://ax.kaist.ac.kr/#/people,,2026-05-26T13:28:52.678054+00:00,1.0
doc_d77d06aa20bf,ax,AX학과,person,이흥규,https://ax.kaist.ac.kr/#/people,,2026-05-26T13:28:52.678054+00:00,1.0
doc_ad60dbf96d42,ax,AX학과,person,인소영,https://ax.kaist.ac.kr/#/people,,2026-05-26T13:28:52.678054+00:00,1.0
doc_dc2fd36de714,ax,AX학과,person,임경태,https://ax.kaist.ac.kr/#/people,,2026-05-26T13:28:52.678054+00:00,1.0
doc_4404519c32e1,ax,AX학과,person,임리사,https://ax.kaist.ac.kr/#/people,,2026-05-26T13:28:52.678054+00:00,1.0
doc_5578bf65f462,ax,AX학과,person,임성순,https://ax.kaist.ac.kr/#/people,,2026-05-26T13:28:52.678054+00:00,1.0
doc_5711c7222075,ax,AX학과,person,임정훈,https://ax.kaist.ac.kr/#/people,,2026-05-26T13:28:52.678054+00:00,1.0
doc_9f4b38e87d58,ax,AX학과,person,정두영,https://ax.kaist.ac.kr/#/people,,2026-05-26T13:28:52.678054+00:00,1.0
doc_f943e6619157,ax,AX학과,person,정승원,https://ax.kaist.ac.kr/#/people,,2026-05-26T13:28:52.678054+00:00,1.0
doc_849c32e7606c,ax,AX학과,person,정인경,https://ax.kaist.ac.kr/#/people,,2026-05-26T13:28:52.678054+00:00,1.0
doc_9b7a843a962f,ax,AX학과,person,정학진,https://ax.kaist.ac.kr/#/people,,2026-05-26T13:28:52.678054+00:00,1.0
doc_994b2836f4c6,ax,AX학과,person,정현주,https://ax.kaist.ac.kr/#/people,,2026-05-26T13:28:52.678054+00:00,1.0
doc_78fae3bd6f16,ax,AX학과,person,정형조,https://ax.kaist.ac.kr/#/people,,2026-05-26T13:28:52.678054+00:00,1.0
doc_a08ed644726f,ax,AX학과,person,조병관,https://ax.kaist.ac.kr/#/people,,2026-05-26T13:28:52.678054+00:00,1.0
doc_f030e9f076e4,ax,AX학과,person,조성아,https://ax.kaist.ac.kr/#/people,,2026-05-26T13:28:52.678054+00:00,1.0
doc_a776b3bc697b,ax,AX학과,person,조성호,https://ax.kaist.ac.kr/#/people,,2026-05-26T13:28:52.678054+00:00,1.0
doc_bd52268eef7a,ax,AX학과,person,차승현,https://ax.kaist.ac.kr/#/people,,2026-05-26T13:28:52.678054+00:00,1.0
doc_035316a97f02,ax,AX학과,person,최경록,https://ax.kaist.ac.kr/#/people,,2026-05-26T13:28:52.678054+00:00,1.0
doc_203e182cb73c,ax,AX학과,person,최하연,https://ax.kaist.ac.kr/#/people,,2026-05-26T13:28:52.678054+00:00,1.0
doc_76282a2d0023,ax,AX학과,person,최현수,https://ax.kaist.ac.kr/#/people,,2026-05-26T13:28:52.678054+00:00,1.0
doc_c38f7d534b65,ax,AX학과,person,최호용,https://ax.kaist.ac.kr/#/people,,2026-05-26T13:28:52.678054+00:00,1.0
doc_ae94be0da5eb,ax,AX학과,person,하경호,https://ax.kaist.ac.kr/#/people,,2026-05-26T13:28:52.678054+00:00,1.0
doc_de54aec31386,ax,AX학과,person,한동훈,https://ax.kaist.ac.kr/#/people,,2026-05-26T13:28:52.678054+00:00,1.0
doc_7720a0c75f9c,ax,AX학과,person,한명준,https://ax.kaist.ac.kr/#/people,,2026-05-26T13:28:52.678054+00:00,1.0
doc_7048f79e767d,ax,AX학과,person,한승헌,https://ax.kaist.ac.kr/#/people,,2026-05-26T13:28:52.678054+00:00,1.0
doc_6493aa965eab,ax,AX학과,person,한준,https://ax.kaist.ac.kr/#/people,,2026-05-26T13:28:52.678054+00:00,1.0
doc_d7a5dbeb33f7,ax,AX학과,person,한진수,https://ax.kaist.ac.kr/#/people,,2026-05-26T13:28:52.678054+00:00,1.0
doc_6aac84ad132a,ax,AX학과,person,한진희,https://ax.kaist.ac.kr/#/people,,2026-05-26T13:28:52.678054+00:00,1.0
doc_0d6b7ee0f49f,ax,AX학과,person,허원도,https://ax.kaist.ac.kr/#/people,,2026-05-26T13:28:52.678054+00:00,1.0
doc_7cdb7acd269c,ax,AX학과,person,홍기혁,https://ax.kaist.ac.kr/#/people,,2026-05-26T13:28:52.678054+00:00,1.0
doc_323267548677,ax,AX학과,person,홍승범,https://ax.kaist.ac.kr/#/people,,2026-05-26T13:28:52.678054+00:00,1.0
doc_49996ab61895,ax,AX학과,person,홍인기,https://ax.kaist.ac.kr/#/people,,2026-05-26T13:28:52.678054+00:00,1.0
doc_5fdb1d6971dc,ax,AX학과,person,홍정욱,https://ax.kaist.ac.kr/#/people,,2026-05-26T13:28:52.678054+00:00,1.0
doc_fd1e9aaadd0d,ax,AX학과,person,홍화정,https://ax.kaist.ac.kr/#/people,,2026-05-26T13:28:52.678054+00:00,1.0
doc_f8fb9a3f89a0,ax,AX학과,person,황준식,https://ax.kaist.ac.kr/#/people,,2026-05-26T13:28:52.678054+00:00,1.0
doc_3c2a7f02c422,fx,AI미래학과,admission,2026학년도 가을학기 일반대학원 신입생 모집,https://fx.kaist.ac.kr/#admission,,2026-05-26T13:30:46.905542+00:00,1.0
doc_4f3321f59f1c,fx,AI미래학과,admission,공통 전형 일정,https://fx.kaist.ac.kr/#admission,,2026-05-26T13:30:46.905542+00:00,1.0
doc_0d59d52971b2,fx,AI미래학과,admission,원서접수 일정 (서류제출 포함),https://fx.kaist.ac.kr/#admission,,2026-05-26T13:30:46.905542+00:00,1.0
doc_2357c31a55f1,fx,AI미래학과,admission,주요 지원자격,https://fx.kaist.ac.kr/#admission,,2026-05-26T13:30:46.905542+00:00,1.0
doc_3eb4dddbdd7e,fx,AI미래학과,asset,2026 AI미래학과 학과설명회,https://fx.kaist.ac.kr/,,2026-05-26T13:30:33.939577+00:00,1.0
doc_e37711523fe8,fx,AI미래학과,asset,https://fx.kaist.ac.kr/information_session/souvenir_food.webp,https://fx.kaist.ac.kr/,,2026-05-26T13:30:33.939577+00:00,1.0
doc_ba73d5d1cda3,fx,AI미래학과,asset,https://fx.kaist.ac.kr/information_session/souvenir_keycap.webp,https://fx.kaist.ac.kr/,,2026-05-26T13:30:33.939577+00:00,1.0
doc_2245cf06e0bd,fx,AI미래학과,asset,사전등록하기 →,https://fx.kaist.ac.kr/,,2026-05-26T13:30:33.939577+00:00,1.0
doc_4db38f5efcee,fx,AI미래학과,course,공학통계 I,https://fx.kaist.ac.kr/,,2026-05-26T13:30:33.939577+00:00,1.0
doc_3d3599367841,fx,AI미래학과,course,글로벌 환경문제 통합평가론,https://fx.kaist.ac.kr/,,2026-05-26T13:30:33.939577+00:00,1.0
doc_51790289a265,fx,AI미래학과,course,기계학습,https://fx.kaist.ac.kr/,,2026-05-26T13:30:33.939577+00:00,1.0
doc_33c8c2e27434,fx,AI미래학과,course,기업가를 위한 법,https://fx.kaist.ac.kr/,,2026-05-26T13:30:33.939577+00:00,1.0
doc_0ceab96d93ec,fx,AI미래학과,course,기후 및 환경보건 연구방법론,https://fx.kaist.ac.kr/,,2026-05-26T13:30:33.939577+00:00,1.0
doc_b75ac63bb707,fx,AI미래학과,course,기후변화의 과학,https://fx.kaist.ac.kr/,,2026-05-26T13:30:33.939577+00:00,1.0
doc_cebc7baa728f,fx,AI미래학과,course,데이터 구조 및 분석,https://fx.kaist.ac.kr/,,2026-05-26T13:30:33.939577+00:00,1.0
doc_eaefcae51294,fx,AI미래학과,course,미래학 개론,https://fx.kaist.ac.kr/,,2026-05-26T13:30:33.939577+00:00,1.0
doc_78694d2a433e,fx,AI미래학과,course,"법, 기술, 혁신",https://fx.kaist.ac.kr/,,2026-05-26T13:30:33.939577+00:00,1.0
doc_637fadd211f5,fx,AI미래학과,course,인공지능 개론,https://fx.kaist.ac.kr/,,2026-05-26T13:30:33.939577+00:00,1.0
doc_977ed24032d9,fx,AI미래학과,course,인공지능 기초,https://fx.kaist.ac.kr/,,2026-05-26T13:30:33.939577+00:00,1.0
doc_d140314dca44,fx,AI미래학과,course,인공지능 윤리,https://fx.kaist.ac.kr/,,2026-05-26T13:30:33.939577+00:00,1.0
doc_040c03570722,fx,AI미래학과,course,지식재산권 개요,https://fx.kaist.ac.kr/,,2026-05-26T13:30:33.939577+00:00,1.0
doc_95106cda4c6a,fx,AI미래학과,course,특허분석과 발명출원,https://fx.kaist.ac.kr/,,2026-05-26T13:30:33.939577+00:00,1.0
doc_8f54dd17cd69,fx,AI미래학과,course,환경과 지속가능성 개론,https://fx.kaist.ac.kr/,,2026-05-26T13:30:33.939577+00:00,1.0
doc_3654f385d447,fx,AI미래학과,event,D-2 학과설명회 · 2026.05.28 (목) 오후 5:00 → × UPCOMING EVENT,https://fx.kaist.ac.kr/,,2026-05-26T13:30:33.939577+00:00,1.0
doc_75f665ba4aa1,fx,AI미래학과,page_section,AI 거버넌스와 규범,https://fx.kaist.ac.kr/#about,about,2026-05-26T13:30:38.253519+00:00,1.0
doc_fcd36f4f1e31,fx,AI미래학과,page_section,AI 경제와 사회전환,https://fx.kaist.ac.kr/#about,about,2026-05-26T13:30:38.253519+00:00,1.0
doc_a96d48b35e3e,fx,AI미래학과,page_section,AI와 지속가능한 미래,https://fx.kaist.ac.kr/#about,about,2026-05-26T13:30:38.253519+00:00,1.0
doc_900f4617aa25,fx,AI미래학과,page_section,왜 AI미래학과인가,https://fx.kaist.ac.kr/#about,about,2026-05-26T13:30:38.253519+00:00,1.0
doc_408d8645a23a,fx,AI미래학과,page_section,지도교수 신청 안내 (과정별 매칭 시기),https://fx.kaist.ac.kr/#guide,guide,2026-05-26T13:30:51.265033+00:00,1.0
doc_c449f2bf09c6,fx,AI미래학과,page_section,지도교수 신청 안내 (학생 구분별),https://fx.kaist.ac.kr/#guide,guide,2026-05-26T13:30:51.265033+00:00,1.0
doc_080f9f18c8c2,fx,AI미래학과,page_section,학생 구분,https://fx.kaist.ac.kr/#guide,guide,2026-05-26T13:30:51.265033+00:00,1.0
doc_99468c556b9e,fx,AI미래학과,person,강이연,https://fx.kaist.ac.kr/#faculty,,2026-05-26T13:30:42.583181+00:00,1.0
doc_fe44e01a6841,fx,AI미래학과,person,김누리,https://fx.kaist.ac.kr/#faculty,,2026-05-26T13:30:42.583181+00:00,1.0
doc_734a18c1aaf5,fx,AI미래학과,person,김동우,https://fx.kaist.ac.kr/#faculty,,2026-05-26T13:30:42.583181+00:00,1.0
doc_c5ffed8bbf19,fx,AI미래학과,person,김승겸,https://fx.kaist.ac.kr/#faculty,,2026-05-26T13:30:42.583181+00:00,1.0
doc_581d4395a853,fx,AI미래학과,person,김정남,https://fx.kaist.ac.kr/#faculty,,2026-05-26T13:30:42.583181+00:00,1.0
doc_5a5f87c1bf5d,fx,AI미래학과,person,김준형,https://fx.kaist.ac.kr/#faculty,,2026-05-26T13:30:42.583181+00:00,1.0
doc_82f537c766d7,fx,AI미래학과,person,김창익,https://fx.kaist.ac.kr/#faculty,,2026-05-26T13:30:42.583181+00:00,1.0
doc_24e692957fcf,fx,AI미래학과,person,김하나,https://fx.kaist.ac.kr/#faculty,,2026-05-26T13:30:42.583181+00:00,1.0
doc_1421c75b6782,fx,AI미래학과,person,김형준,https://fx.kaist.ac.kr/#faculty,,2026-05-26T13:30:42.583181+00:00,1.0
doc_9dee78fdecc7,fx,AI미래학과,person,남택진,https://fx.kaist.ac.kr/#faculty,,2026-05-26T13:30:42.583181+00:00,1.0
doc_c0781e711ea8,fx,AI미래학과,person,박성필,https://fx.kaist.ac.kr/#faculty,,2026-05-26T13:30:42.583181+00:00,1.0
doc_67b63cc3541d,fx,AI미래학과,person,박태정,https://fx.kaist.ac.kr/#faculty,,2026-05-26T13:30:42.583181+00:00,1.0
doc_b256442335a4,fx,AI미래학과,person,양재석,https://fx.kaist.ac.kr/#faculty,,2026-05-26T13:30:42.583181+00:00,1.0
doc_1cbc692d8e90,fx,AI미래학과,person,이나래,https://fx.kaist.ac.kr/#faculty,,2026-05-26T13:30:42.583181+00:00,1.0
doc_b944e32f5879,fx,AI미래학과,person,이상윤,https://fx.kaist.ac.kr/#faculty,,2026-05-26T13:30:42.583181+00:00,1.0
doc_4839a2a9d75b,fx,AI미래학과,person,이창주,https://fx.kaist.ac.kr/#faculty,,2026-05-26T13:30:42.583181+00:00,1.0
doc_e072b26a9490,fx,AI미래학과,person,장기태,https://fx.kaist.ac.kr/#faculty,,2026-05-26T13:30:42.583181+00:00,1.0
doc_2646a8cb6788,fx,AI미래학과,person,전우정,https://fx.kaist.ac.kr/#faculty,,2026-05-26T13:30:42.583181+00:00,1.0
doc_e37bd29dfafe,fx,AI미래학과,person,전주영,https://fx.kaist.ac.kr/#faculty,,2026-05-26T13:30:42.583181+00:00,1.0
doc_e9e53465ea87,fx,AI미래학과,person,정재민,https://fx.kaist.ac.kr/#faculty,,2026-05-26T13:30:42.583181+00:00,1.0
doc_e2113a933e34,fx,AI미래학과,person,조성아,https://fx.kaist.ac.kr/#faculty,,2026-05-26T13:30:42.583181+00:00,1.0
doc_751b93c42d05,fx,AI미래학과,person,차승현,https://fx.kaist.ac.kr/#faculty,,2026-05-26T13:30:42.583181+00:00,1.0
doc_2d54bf29e9cb,fx,AI미래학과,person,한지영,https://fx.kaist.ac.kr/#faculty,,2026-05-26T13:30:42.583181+00:00,1.0
doc_aug_5101ff813518,aic,AI컴퓨팅학과,site_gap_note,AI컴퓨팅학과 사이트 재검증 상태,https://aic.kaist.ac.kr/#/people,,2026-05-27T00:12:34+09:00,1.0
doc_aug_402545056833,aic,AI컴퓨팅학과,site_gap_note,AI컴퓨팅학과 교수 개인 연락처 제공 한계,https://aic.kaist.ac.kr/#/people,,2026-05-27T00:12:34+09:00,1.0
doc_aug_e38de4a9ceee,aic,AI컴퓨팅학과,site_gap_note,AI컴퓨팅학과 교과목 학점·상세 설명 제공 한계,https://aic.kaist.ac.kr/#/education-courses,,2026-05-27T00:12:34+09:00,1.0
doc_aug_d27dc4a37f45,ai_systems,AI시스템학과,site_gap_note,AI시스템학과 교수 개인 연락처 제공 한계,https://ai-systems.kaist.ac.kr/,,2026-05-27T00:12:34+09:00,1.0
doc_aug_3ad2a372f688,ai_systems,AI시스템학과,site_gap_note,AI시스템학과 개별 교과목 표 제공 한계,https://ai-systems.kaist.ac.kr/,,2026-05-27T00:12:34+09:00,1.0
doc_aug_2cbb7a05f7ba,ax,AX학과,site_gap_note,AX학과 교수 개인 연락처 제공 한계,https://ax.kaist.ac.kr/#/people,,2026-05-27T00:12:34+09:00,1.0
doc_aug_7d3e48fce8f4,ax,AX학과,site_gap_note,AX학과 교과목 학점·상세 설명 제공 한계,https://ax.kaist.ac.kr/#/education-courses,,2026-05-27T00:12:34+09:00,1.0
doc_aug_74576f9ffee4,fx,AI미래학과,site_gap_note,AI미래학과 교수 개인 연락처 제공 한계,https://fx.kaist.ac.kr/#/faculty,,2026-05-27T00:12:34+09:00,1.0
doc_aug_7d374b50f06b,fx,AI미래학과,site_gap_note,AI미래학과 교과목 학점·상세 설명 제공 한계,https://fx.kaist.ac.kr/#/curriculum,,2026-05-27T00:12:34+09:00,1.0
doc_aug_26bf1a5743b9,fx,AI미래학과,site_gap_note,AI미래학과 SPA 해시 페이지 중복 주의,https://fx.kaist.ac.kr/#/curriculum,,2026-05-27T00:12:34+09:00,1.0





































































































































































































































































































































































































































































































































